first_name,last_name,email
Arthur,Johnson,a.johnson@example.com
Aiden,Reed,a.reed@example.com
Edith,Crawford,e.crawford@example.com
Elian,Spencer,e.spencer@example.com
Walter,Chapman,w.chapman@example.com
Walter,Adams,w.adams@example.com
Charlotte,Stewart,c.stewart@example.com
Edward,Watson,e.watson@example.com
Maria,Henderson,m.henderson@example.com
Isabella,Perkins,i.perkins@example.com
Tiana,Harris,t.harris@example.com
Marcus,Barnes,m.barnes@example.com
Savana,Turner,s.turner@example.com
Sarah,Alexander,s.alexander@example.com
Aida,Smith,a.smith@example.com
Julian,Evans,j.evans@example.com
Camila,Craig,c.craig@example.com
Florrie,Davis,f.davis@example.com
Aiden,Evans,a.evans@example.com
Deanna,Chapman,d.chapman@example.com
Darcy,Richardson,d.richardson@example.com
Leonardo,Mason,l.mason@example.com
Evelyn,Ross,e.ross@example.com
Tony,Perry,t.perry@example.com
Adrianna,Armstrong,a.armstrong@example.com
Victor,Robinson,v.robinson@example.com
Darcy,Ross,d.ross@example.com
Alan,Carroll,a.carroll@example.com
Kelvin,Brown,k.brown@example.com
Edward,Gray,e.gray@example.com
Fenton,Moore,f.moore@example.com
Daisy,Harper,d.harper@example.com
Steven,Taylor,s.taylor@example.com
Lana,Fowler,l.fowler@example.com
Savana,Alexander,s.alexander@example.com
Ted,Riley,t.riley@example.com
Arianna,Owens,a.owens@example.com
Adam,Fowler,a.fowler@example.com
Alexia,Douglas,a.douglas@example.com
Reid,Ellis,r.ellis@example.com
Michael,Morrison,m.morrison@example.com
Samantha,Perkins,s.perkins@example.com
Aldus,Barnes,a.barnes@example.com
Ashton,Myers,a.myers@example.com
Adrianna,Riley,a.riley@example.com
Sarah,Scott,s.scott@example.com
Tony,Murphy,t.murphy@example.com
Tara,Stewart,t.stewart@example.com
Adrian,Rogers,a.rogers@example.com
Thomas,Mitchell,t.mitchell@example.com
